Sequence,log(IC50_relative),IC50(nM),label,binary_label
NKADVILKY,-4.605,4.000680802,0.91011545,1
RRFGDKLNF,-4.605,4.000680802,0.91011545,1
KRFSFKKSF,-3.507,11.99469594,0.838932068,1
KRYKSIVKY,-3.507,11.99469594,0.838932068,1
AAYSAAAAY,-3.219,15.99801332,0.820261017,1
RGYRPRFRR,-2.996,19.99464619,0.805803919,1
AAASAAPAY,-2.659,28.00728198,0.783956196,1
AAWSAAAAY,-2.526,31.9913178,0.775333801,1
VIYTIPWRF,-2.408,35.99804196,0.767683856,1
AAFSAAAAY,-2.303,39.98340716,0.760876702,1
AAVSAAAAY,-2.303,39.98340716,0.760876702,1
AWASAAAAY,-2.303,39.98340716,0.760876702,1
IRKPYIWEY,-2.303,39.98340716,0.760876702,1
KRGILTLKY,-2.303,39.98340716,0.760876702,1
RRRWRRLTV,-2.303,39.98340716,0.760876702,1
AAASWAAAY,-2.207,44.01209784,0.754653018,1
AAASAAYAY,-2.12,48.0126514,0.749012805,1
AAASAAAGY,-1.966,56.00632031,0.739028979,1
AAASAAASY,-1.897,60.00719953,0.734555707,1
AAASAIAAY,-1.897,60.00719953,0.734555707,1
AAASAAAWY,-1.833,63.97321928,0.730406584,1
RRYNASTEF,-1.833,63.97321928,0.730406584,1
AAAHAAAAY,-1.772,67.99706531,0.726451952,1
AAAWAAAAY,-1.772,67.99706531,0.726451952,1
AAASAAPEY,-1.715,71.98548829,0.72275664,1
AAASIAAAY,-1.661,75.97957446,0.719255818,1
AAASYAAAY,-1.661,75.97957446,0.719255818,1
ARFAAAIAK,-1.661,75.97957446,0.719255818,1
AAAPAAAAY,-1.609,80.03504067,0.715884656,1
AAARAAAAY,-1.609,80.03504067,0.715884656,1
AAASPAAAY,-1.609,80.03504067,0.715884656,1
AAMSAAAAY,-1.609,80.03504067,0.715884656,1
AEMGKGSFY,-1.609,80.03504067,0.715884656,1
AQYEIEMPL,-1.609,80.03504067,0.715884656,1
KYFSYIIKY,-1.609,80.03504067,0.715884656,1
NVATLELQF,-1.609,80.03504067,0.715884656,1
AAAAARAAY,-1.561,83.97041607,0.712772814,1
AAAMAAAAY,-1.561,83.97041607,0.712772814,1
AAASAAATY,-1.561,83.97041607,0.712772814,1
AVASAAAAY,-1.561,83.97041607,0.712772814,1
AAASFAAAY,-1.514,88.01124119,0.709725802,1
ARASAAAAY,-1.514,88.01124119,0.709725802,1
AAAFAAAAY,-1.47,91.97019407,0.70687328,1
AAAVAAAAY,-1.47,91.97019407,0.70687328,1
AQASAAAAY,-1.47,91.97019407,0.70687328,1
KVHDMGFEY,-1.47,91.97019407,0.70687328,1
LYQFSKPGI,-1.47,91.97019407,0.70687328,1
AAAKAAAAY,-1.427,96.01117079,0.704085589,1
AAASAAAMY,-1.427,96.01117079,0.704085589,1
AAASAKAAY,-1.427,96.01117079,0.704085589,1
AAASLAAAY,-1.427,96.01117079,0.704085589,1
AAAYAAAAY,-1.427,96.01117079,0.704085589,1
AAYAAAAAY,-1.427,96.01117079,0.704085589,1
SRYWAIRTR,-1.427,96.01117079,0.704085589,1
AAASAAAYY,-1.386,100.0294404,0.701427557,1
AAASAAFAY,-1.386,100.0294404,0.701427557,1
AAASAAMAY,-1.386,100.0294404,0.701427557,1
AAASRAAAY,-1.386,100.0294404,0.701427557,1
AAISAAAAY,-1.386,100.0294404,0.701427557,1
SRWAWVKAK,-1.386,100.0294404,0.701427557,1
SRYAWVFAK,-1.386,100.0294404,0.701427557,1
AALSAAAAY,-1.347,104.0076597,0.698899186,1
AAASAAIAY,-1.309,108.0360046,0.696435644,1
AAASAAVAY,-1.309,108.0360046,0.696435644,1
RRYQKSTEL,-1.309,108.0360046,0.696435644,1
AAASAALAY,-1.273,111.9961558,0.694101763,1
AAASAGAAY,-1.273,111.9961558,0.694101763,1
AAASAAAIY,-1.238,115.9854262,0.691832711,1
AAASAAANY,-1.238,115.9854262,0.691832711,1
AAASAEAAY,-1.238,115.9854262,0.691832711,1
AAHSAAAAY,-1.238,115.9854262,0.691832711,1
AASSAAAAY,-1.238,115.9854262,0.691832711,1
ASASAAAAY,-1.238,115.9854262,0.691832711,1
AAASANAAY,-1.204,119.9967366,0.68962849,1
AAAAAAARY,-1.171,124.0226918,0.687489099,1
AAASAPAAY,-1.171,124.0226918,0.687489099,1
AAATAAAAY,-1.171,124.0226918,0.687489099,1
AAAQAAAAY,-1.139,128.0556003,0.685414538,1
AAASAAHAY,-1.139,128.0556003,0.685414538,1
AAASMAAAY,-1.139,128.0556003,0.685414538,1
AMASAAAAY,-1.109,131.9554739,0.683469636,1
AAASAAAFY,-1.079,135.9741164,0.681524735,1
AAASAAARY,-1.079,135.9741164,0.681524735,1
AAASAAAVY,-1.079,135.9741164,0.681524735,1
AAASAAWAY,-1.079,135.9741164,0.681524735,1
AAASARAAY,-1.079,135.9741164,0.681524735,1
ALASAAAAY,-1.079,135.9741164,0.681524735,1
SRWAVVWAK,-1.079,135.9741164,0.681524735,1
AAASAQAAY,-1.05,139.9750996,0.679644664,1
KKTSLEKRM,-1.05,139.9750996,0.679644664,1
AAASAAADY,-1.022,143.9497884,0.677829423,1
AAASQAAAY,-1.022,143.9497884,0.677829423,1
AAANAAAAY,-0.968,151.9367851,0.674328601,1
AAASAAAAY,-0.968,151.9367851,0.674328601,1
AAASAARAY,-0.968,151.9367851,0.674328601,1
AAASAHAAY,-0.968,151.9367851,0.674328601,1
AFASAAAAY,-0.968,151.9367851,0.674328601,1
ATASAAAAY,-0.968,151.9367851,0.674328601,1
AAASAAAHY,-0.942,155.9389442,0.67264302,1
AAASAMAAY,-0.942,155.9389442,0.67264302,1
AAAAAAYAY,-0.916,160.0465239,0.670957439,1
AAAARAAAY,-0.916,160.0465239,0.670957439,1
AAASAAAKY,-0.916,160.0465239,0.670957439,1
AAASHAAAY,-0.916,160.0465239,0.670957439,1
ARIAAAIAL,-0.916,160.0465239,0.670957439,1
ARIAAAIAR,-0.916,160.0465239,0.670957439,1
RRYPDAVYL,-0.916,160.0465239,0.670957439,1
AAASAAALY,-0.892,163.9341048,0.669401518,1
AARSAAAAY,-0.892,163.9341048,0.669401518,1
AYASAAAAY,-0.892,163.9341048,0.669401518,1
AAASAAAPY,-0.868,167.9161163,0.667845597,1
AAASAFAAY,-0.868,167.9161163,0.667845597,1
ARAAAAAAY,-0.868,167.9161163,0.667845597,1
AAASAAAQY,-0.821,175.9965772,0.664798585,1
AAASALAAY,-0.821,175.9965772,0.664798585,1
AAASTAAAY,-0.821,175.9965772,0.664798585,1
AIASAAAAY,-0.821,175.9965772,0.664798585,1
AVAKAAAAY,-0.821,175.9965772,0.664798585,1
AFYFDSYFA,-0.799,179.9114071,0.663372325,1
KVFGPIHER,-0.799,179.9114071,0.663372325,1
AAASAVAAY,-0.755,188.0042459,0.660519803,1
ARYQKSTEA,-0.755,188.0042459,0.660519803,1
AAASAAAAF,-0.734,191.9940817,0.659158372,1
AAASAAEAY,-0.734,191.9940817,0.659158372,1
RRYQASTEL,-0.734,191.9940817,0.659158372,1
IISCTCPVT,-0.713,196.06859,0.657796941,1
AAAAAYAAY,-0.693,200.0294383,0.656500341,1
AAAAYAAAY,-0.693,200.0294383,0.656500341,1
AAASAANAY,-0.693,200.0294383,0.656500341,1
AIAKAAAAY,-0.693,200.0294383,0.656500341,1
GQRKPATSY,-0.693,200.0294383,0.656500341,1
AAASAWAAY,-0.673,204.070301,0.65520374,1
RRYNASTAL,-0.635,211.9741953,0.652740198,1
AAASVAAAY,-0.616,216.0402099,0.651508428,1
AATSAAAAY,-0.598,219.9641431,0.650341487,1
ALMPLYACI,-0.598,219.9641431,0.650341487,1
AAAEAAAAY,-0.562,228.027115,0.648007605,1
AAASKAAAY,-0.545,231.9367133,0.646905495,1
AKASAAAAY,-0.545,231.9367133,0.646905495,1
NAASAAAAY,-0.545,231.9367133,0.646905495,1
ARYAAAIAK,-0.528,235.913343,0.645803384,1
SRWAVVWAA,-0.528,235.913343,0.645803384,1
AAASAYAAY,-0.511,239.9581534,0.644701274,1
RRLPIFSRL,-0.511,239.9581534,0.644701274,1
AAQSAAAAY,-0.478,248.0088788,0.642561882,1
AARAAAAAY,-0.478,248.0088788,0.642561882,1
AYRVEFDKY,-0.462,252.008936,0.641524602,1
AAASAAQAY,-0.446,256.0735088,0.640487321,1
AAASADAAY,-0.446,256.0735088,0.640487321,1
AAASATAAY,-0.446,256.0735088,0.640487321,1
AQWIKWVYG,-0.416,263.8721082,0.63854242,1
AEASAAAAY,-0.386,271.9082103,0.636597519,1
AAASDAAAY,-0.371,276.0175766,0.635625068,1
AAADAAAAY,-0.357,279.9089991,0.634717448,1
KESTLHLVL,-0.357,279.9089991,0.634717448,1
ALAKAAAAY,-0.342,284.1392819,0.633744997,1
RAASAAAAY,-0.301,296.0311091,0.631086966,1
AAASAATAY,-0.288,299.9046369,0.630244175,1
AAASASAAY,-0.288,299.9046369,0.630244175,1
KYFDEHYEY,-0.288,299.9046369,0.630244175,1
RRVKEVVKK,-0.288,299.9046369,0.630244175,1
AAKSAAAAY,-0.261,308.1123678,0.628493764,1
AAASAAAEY,-0.248,312.1439773,0.627650973,1
RRYNASAEL,-0.248,312.1439773,0.627650973,1
AADAKAAAY,-0.236,315.9122696,0.626873013,1
AAASNAAAY,-0.223,320.0459397,0.626030223,1
AYAKAAAAY,-0.223,320.0459397,0.626030223,1
RAYQKSTEL,-0.211,323.9096268,0.625252262,1
GLSRPLLRL,-0.198,328.1479413,0.624409472,1
SRYAWVKAK,-0.186,332.109438,0.623631511,1
AAAGAAAAY,-0.174,336.1187591,0.622853551,1
AAASSAAAY,-0.174,336.1187591,0.622853551,1
AAAAAARAY,-0.128,351.9413517,0.619871369,1
AIRLKVFVL,-0.105,360.129809,0.618380278,1
FRYNGLIHR,-0.105,360.129809,0.618380278,1
GLFMIDNFY,-0.105,360.129809,0.618380278,1
LSKLRDIWF,-0.083,368.1404589,0.616954017,1
AAALAAAAY,-0.073,371.840332,0.616305717,1
AAPSAAAAY,-0.051,380.1114682,0.614879456,1
NQKLQFGRY,-0.051,380.1114682,0.614879456,1
AAAKAAAAF,0.0,400.0,0.611573124,1
AFAKAAAAF,0.0,400.0,0.611573124,1
ARIAAAIAK,0.0,400.0,0.611573124,1
GRLTKHTKF,0.0,400.0,0.611573124,1
HLYSHPIIL,0.0,400.0,0.611573124,1
RRIYDLIEL,0.0,400.0,0.611573124,1
RRYNASTEL,0.0,400.0,0.611573124,1
YVSFIKYKY,0.0,400.0,0.611573124,1
AYAKAAAAF,0.03,412.1818136,0.609628223,1
AAAAAAADY,0.049,420.0881403,0.608396452,1
AAAAAAAAY,0.086,435.9225313,0.605997741,1
AAASAAAAW,0.104,443.840182,0.6048308,1
GRAFVTIGK,0.182,479.8456776,0.599774057,1
KIWEELSVL,0.182,479.8456776,0.599774057,1
ARAAAAAAL,0.199,488.0727864,0.598671946,1
ARIDKPILA,0.207,491.9930287,0.598153306,1
AAAIAAAAY,0.215,495.9447588,0.597634666,1
AAASAAKAY,0.223,499.9282295,0.597116025,1
AAASEAAAY,0.223,499.9282295,0.597116025,1
RRANASTEL,0.231,503.9436958,0.596597385,1
AEFSAAAAY,0.3,539.943523,0.592124112,1
ALAKAAAAF,0.322,551.9539104,0.590697852,1
GEHGLIIRV,0.336,559.7356099,0.589790231,1
SAWAVVWAK,0.336,559.7356099,0.589790231,1
RRFNASTEL,0.365,576.2056033,0.58791016,1
RRYQKSTEA,0.405,599.721,0.585316958,1
AAAAADAAY,0.425,611.8361679,0.584020358,1
AAESAAAAY,0.445,624.1960783,0.582723757,1
SAASAAAAY,0.451,627.9525128,0.582334777,1
KRYNASTEL,0.482,647.7239141,0.580325046,1
AYAAAAAAY,0.489,652.2738878,0.579871235,1
RKYNASTEL,0.519,672.1385851,0.577926334,1
SRFAFVVAK,0.531,680.2528363,0.577148374,1
VRVCACPGR,0.531,680.2528363,0.577148374,1
AANSAAAAY,0.536,683.6626178,0.576824223,1
RRYAASTEL,0.554,696.0799658,0.575657283,1
RRYNAATEL,0.554,696.0799658,0.575657283,1
TYLTSLFRL,0.56,700.2690001,0.575268303,1
AKAKAAAAF,0.588,720.1536177,0.573453061,1
KKFKSSKFF,0.588,720.1536177,0.573453061,1
RRYNASTEI,0.621,744.3151599,0.57131367,1
AAASGAAAY,0.637,756.3199849,0.57027639,1
ARAAAAIAK,0.642,760.1110546,0.569952239,1
AAASAAGAY,0.683,791.9233027,0.567294208,1
ALAKAAAAL,0.688,795.8928348,0.566970058,1
KVVNPLFEK,0.693,799.8822642,0.566645907,1
ARIAAAIAA,0.742,840.0526321,0.563469236,1
AAASAASAY,0.761,856.1662265,0.562237465,1
RAYNASTEL,0.77,863.9065015,0.561653994,1
AHASAAAAY,0.788,879.5976149,0.560487054,1
KTQGPSVFF,0.788,879.5976149,0.560487054,1
SRFAKKFAK,0.788,879.5976149,0.560487054,1
AAASAADAY,0.811,900.0628076,0.558995963,1
KTGGPIYKR,0.875,959.5501176,0.55484684,1
AAAADAAAY,0.916,999.7093104,0.552188809,1
ATDKAAAAY,0.916,999.7093104,0.552188809,1
KFKAKKYIF,0.916,999.7093104,0.552188809,1
RRYNASTDL,0.971,1056.233489,0.548623157,1
AAEKAAAAY,0.993,1079.728119,0.547196896,1
AAAAAAAYY,1.019,1108.169182,0.545511315,1
VAASAAAAY,1.026,1115.95358,0.545057505,1
ALAKAAYAV,1.058,1152.241606,0.542982943,1
LKFANQVLI,1.065,1160.335594,0.542529133,1
RAAAAAAAY,1.072,1168.486437,0.542075323,1
FTFKPIKLP,1.099,1200.465344,0.540324912,1
RRSKEITVR,1.099,1200.465344,0.540324912,1
SKSFKAAKF,1.099,1200.465344,0.540324912,1
VSSVLNVSS,1.099,1200.465344,0.540324912,1
AYAKAAAAL,1.105,1207.689788,0.539935932,1
KAASAAAAY,1.105,1207.689788,0.539935932,1
ATEKAAAAY,1.163,1279.806978,0.536175789,1
RTDGKVFQF,1.163,1279.806978,0.536175789,1
TAASAAAAY,1.235,1375.351408,0.531508027,1
QVPLRPMTY,1.238,1379.483658,0.531313537,1
GRIDKPILK,1.241,1383.628323,0.531119046,1
ALFKDWEEL,1.253,1400.331883,0.530341086,1
SRDKTIIMW,1.253,1400.331883,0.530341086,1
SVVVASVII,1.253,1400.331883,0.530341086,1
RRYNASTEA,1.281,1440.095266,0.528525845,1
GAASAAAAY,1.322,1500.366285,0.525867813,1
IAASAAAAY,1.322,1500.366285,0.525867813,1
SRFASFKAK,1.335,1519.998379,0.525025023,1
GAVNVVMTF,1.386,1599.529092,0.521718691,1
AAASAAAAI,1.416,1648.242005,0.51977379,1
LAASAAAAY,1.44,1688.278327,0.518217869,1
ARLFGIRAK,1.504,1799.860691,0.514068746,1
KYPENFFLL,1.504,1799.860691,0.514068746,1
MAASAAAAY,1.513,1816.132551,0.513485276,1
AADSAAAAY,1.515,1819.768451,0.513355616,1
AGASAAAAY,1.564,1911.157861,0.510178944,1
RWGFRDIKQ,1.609,1999.124367,0.507261592,1
SRVASVFAK,1.609,1999.124367,0.507261592,1
TFGVAPSRL,1.609,1999.124367,0.507261592,1
AAASAAAAR,1.629,2039.509358,0.505964992,1
ANASAAAAY,1.633,2047.683733,0.505705671,1
KYTSFPWLL,1.649,2080.71018,0.504668391,1
LETSKQYRR,1.664,2112.156087,0.50369594,1
LLGSAANWI,1.668,2120.621632,0.50343662,1
ALFKAAAAV,1.686,2159.138432,0.502269679,1
ARIAAAAAK,1.686,2159.138432,0.502269679,1
QVDLLNILL,1.705,2200.554267,0.501037909,1
RRWLPAGDA,1.705,2200.554267,0.501037909,1
RYRPGTVAL,1.705,2200.554267,0.501037909,1
GRIDKPILA,1.712,2216.012186,0.500584098,1
AAGSAAAAY,1.721,2236.046314,0.500000628,1
AAASAAAAL,1.726,2247.254543,0.499676478,1
ADASAAAAY,1.726,2247.254543,0.499676478,1
ALAKAYAAV,1.742,2283.499805,0.498639197,1
KKYNASTEL,1.751,2304.144063,0.498055727,1
ALAKAALAV,1.777,2364.837403,0.496370146,1
AFAYYVKIK,1.792,2400.577343,0.495397695,1
ERPLIFLRL,1.792,2400.577343,0.495397695,1
QQLYWSHPR,1.792,2400.577343,0.495397695,1
AAASAAAAK,1.841,2521.135179,0.492221023,1
ALMPLYASI,1.841,2521.135179,0.492221023,1
GQYGNPLNK,1.872,2600.514391,0.490211292,1
PRKVSVVSF,1.872,2600.514391,0.490211292,1
VYSYSKIFV,1.872,2600.514391,0.490211292,1
AAASAAAAV,1.881,2624.024658,0.489627822,1
RNVWRGFST,1.887,2639.816133,0.489238842,1
RRIKEIVKK,1.902,2679.711845,0.488266391,1
AAASAAAAM,1.905,2687.763051,0.488071901,1
ALAKLAAAV,1.907,2693.143956,0.487942241,1
ALAKAAAAR,1.939,2780.718279,0.48586768,1
LLFGYPVYV,1.946,2800.251594,0.485413869,1
ALSRKVAEL,2.001,2958.57954,0.481848217,1
AADKAAAAY,2.015,3000.290952,0.480940597,1
HFWNGDRDL,2.015,3000.290952,0.480940597,1
KIKSFVKVY,2.015,3000.290952,0.480940597,1
WAASAAAAY,2.043,3085.486268,0.479125356,1
ALAKAIAAV,2.066,3157.274856,0.477634265,1
FYIDYDSFF,2.079,3198.587379,0.476791474,1
HIKPTSSKY,2.079,3198.587379,0.476791474,1
VLFSSDFRI,2.128,3359.221559,0.473614802,1
KIKESFRKL,2.14,3399.775052,0.472836842,1
GRERFEMFR,2.163,3478.876052,0.471345751,1
HAASAAAAY,2.239,3753.577061,0.466418668,1
IALNASFVR,2.251,3798.891327,0.465640708,1
ARAAAAAAA,2.303,4001.659972,0.462269546,1
ASVQISFNP,2.303,4001.659972,0.462269546,1
VLHKRTLGL,2.303,4001.659972,0.462269546,1
VYYSVIKKA,2.303,4001.659972,0.462269546,1
AFAKAAAAV,2.323,4082.498866,0.460972945,1
RLGLSRPLL,2.389,4361.034362,0.456694162,1
SRVAVKSAK,2.398,4400.460824,0.456110692,1
TILQPSLQI,2.398,4400.460824,0.456110692,1
YIFYKFISK,2.398,4400.460824,0.456110692,1
SLYNTVATL,2.423,4511.85902,0.454489941,1
LLSSNLSWL,2.425,4520.891768,0.454360281,1
AAAAAADAY,2.442,4598.403914,0.45325817,1
AAASAAAAP,2.464,4700.68982,0.45183191,1
TNFEIASRM,2.485,4800.448102,0.450470479,1
FLLTRILTI,2.491,4829.337372,0.450081499,1
YAASAAAAY,2.518,4961.505724,0.448331088,1
GLSRYVARL,2.532,5031.455309,0.447423467,1
ALAKAAAAI,2.54,5071.868388,0.446904827,1
ALAKNAAAV,2.548,5112.606069,0.446386186,1
ARYNASTEL,2.553,5138.233113,0.446062036,1
AMAKAAAAV,2.563,5189.873215,0.445413736,1
DSIYLDTAR,2.565,5200.263348,0.445284076,1
FAASAAAAY,2.597,5369.362939,0.443209515,1
KWDLRRAFH,2.639,5599.678963,0.440486653,1
RYLKDQQLL,2.639,5599.678963,0.440486653,1
NIIGTDNSV,2.674,5799.137897,0.438217602,1
ASIAGVQSI,2.708,5999.698801,0.43601338,1
RLVTLKDIV,2.708,5999.698801,0.43601338,1
SSKPGDGRW,2.708,5999.698801,0.43601338,1
SWTTGWLVV,2.708,5999.698801,0.43601338,1
ALAKYAAAV,2.73,6133.154808,0.434587119,1
RRTEEENLR,2.734,6157.736558,0.434327799,1
ARAAAAAAK,2.738,6182.416832,0.434068479,1
ALAKARAAV,2.769,6377.073341,0.432058748,1
EIRLKVFVL,2.773,6402.632719,0.431799428,1
FKYAVKIVK,2.773,6402.632719,0.431799428,1
HQAISPRTL,2.773,6402.632719,0.431799428,1
YARTNPESF,2.773,6402.632719,0.431799428,1
AADAAAAAY,2.785,6479.927151,0.431021467,1
ALMKAAAAV,2.798,6564.716138,0.430178677,1
GAIDKPILK,2.851,6922.031308,0.426742685,1
RLGLYRPLL,2.851,6922.031308,0.426742685,1
SRAHSSHLK,2.901,7276.931442,0.423501183,1
ALAKAANAV,2.905,7306.097461,0.423241863,1
DAASAAAAY,2.931,7498.546998,0.421556282,1
EAASAAAAY,2.931,7498.546998,0.421556282,1
AVVASGFQT,2.944,7596.66449,0.420713491,1
QVPLRMTYA,2.972,7812.376978,0.41889825,1
ALAKAAPAV,2.973,7820.193262,0.41883342,1
ALAKAAAFV,2.983,7898.787511,0.41818512,1
ISVIVFKFF,2.996,8002.142098,0.417342329,1
LQNKSFFGK,2.996,8002.142098,0.417342329,1
NLQSLTNLL,2.996,8002.142098,0.417342329,1
AYAKAAAAK,3.015,8155.636376,0.416110559,1
VRRCPHHER,3.04,8362.097294,0.414489808,1
QAASAAAAY,3.056,8496.966931,0.413452527,1
ALAAAAAAR,3.088,8773.267098,0.411377966,1
LVVRPVGKV,3.091,8799.626418,0.411183476,1
SRKAVSFAK,3.091,8799.626418,0.411183476,1
YLGEFSITY,3.091,8799.626418,0.411183476,1
ADAAAAAAY,3.174,9561.162003,0.405802582,1
AVAAAAAAK,3.178,9599.483243,0.405543262,1
DFKSVADSY,3.178,9599.483243,0.405543262,1
LYNTVATLY,3.178,9599.483243,0.405543262,1
YFDPANGKF,3.178,9599.483243,0.405543262,1
LLQEYNWEL,3.199,9803.203972,0.404181831,1
ALAKAAEAV,3.228,10091.65927,0.40230176,0
AAIAAAIAA,3.258,10398.99605,0.400356859,0
IVGLNKIVR,3.258,10398.99605,0.400356859,0
QYDEAVAQF,3.258,10398.99605,0.400356859,0
DMAAQITQR,3.296,10801.76199,0.397893318,0
YAAAAAAAY,3.321,11075.2099,0.396272567,0
GLYSSTVPV,3.332,11197.70972,0.395559436,0
LMWAKIGPV,3.346,11355.58017,0.394651816,0
FLWGPRALV,3.367,11596.56888,0.393290385,0
ALAKAPAAV,3.387,11830.83511,0.391993784,0
IAIAKKKKK,3.401,11997.63165,0.391086164,0
KKVSIFVYS,3.401,11997.63165,0.391086164,0
SPRYIFTML,3.401,11997.63165,0.391086164,0
KLHLYSHPI,3.408,12081.9097,0.390632354,0
ALATAAAAV,3.435,12412.56503,0.388881942,0
YSFQPPDEL,3.497,13206.50179,0.38486248,0
TLWVDPYEV,3.512,13406.0925,0.38389003,0
EEFQFIKKA,3.555,13995.12799,0.381102338,0
VTSPLTVEW,3.555,13995.12799,0.381102338,0
YHEDIHTYL,3.555,13995.12799,0.381102338,0
ALAKAGAAV,3.563,14107.53805,0.380583698,0
KSIIISSVI,3.584,14406.92895,0.379222267,0
CLFKDWEEL,3.592,14522.64664,0.378703626,0
AAASAAAAA,3.6,14639.29378,0.378184986,0
LLLTVLTVV,3.619,14920.09957,0.376953215,0
ALAKAAAPV,3.679,15842.707,0.373063413,0
DVFRDPALK,3.689,16001.92885,0.372415113,0
GFYPGSIEV,3.689,16001.92885,0.372415113,0
YFVVSIISK,3.689,16001.92885,0.372415113,0
AAASAAAAH,3.702,16211.31197,0.371572322,0
ALAKAAAEV,3.738,16805.55133,0.369238441,0
VMNILLQYM,3.784,17596.66276,0.366256259,0
AIFVYKSDS,3.807,18006.07621,0.364765168,0
AIAAAAAAK,3.829,18406.59949,0.363338907,0
DAAAAAAAY,3.833,18480.37334,0.363079587,0
ALADAAAAV,3.836,18535.8977,0.362885097,0
IEQGSKERK,3.912,19999.5399,0.357958014,0
LTLINRNRS,3.912,19999.5399,0.357958014,0
ALAPAAAAV,3.962,21024.93823,0.354716512,0
ALAKAAAAV,3.984,21492.61243,0.353290251,0
APASAAAAY,3.992,21665.24293,0.352771611,0
AAASAAAAE,4.007,21992.67115,0.351799161,0
IVKDDAYSK,4.007,21992.67115,0.351799161,0
SDIKDYYYI,4.007,21992.67115,0.351799161,0
GKSVLIRDL,4.025,22392.12351,0.35063222,0
AYAAAAAAK,4.028,22459.40075,0.35043773,0
ALAKGAAAV,4.034,22594.56223,0.35004875,0
AKAAAAAAK,4.043,22798.83112,0.349465279,0
GILGFVFTL,4.094,23991.73193,0.346158947,0
KSADSKSAA,4.094,23991.73193,0.346158947,0
SRSAFFKAK,4.094,23991.73193,0.346158947,0
APAKAAAAF,4.138,25070.93653,0.343306426,0
AAASAAAAQ,4.147,25297.59339,0.342722955,0
ALAKEAAAV,4.165,25757.07298,0.341556014,0
FKDYSDKKA,4.174,25989.93293,0.340972544,0
FKIFKIFSD,4.174,25989.93293,0.340972544,0
IKKVYYSDI,4.174,25989.93293,0.340972544,0
KAKFDIDYK,4.174,25989.93293,0.340972544,0
ALAKAAAGV,4.189,26382.72047,0.340000094,0
PAASAAAAY,4.193,26488.46269,0.339740773,0
ALAAAAAAK,4.248,27986.13666,0.336175121,0
EDLRVLSFI,4.248,27986.13666,0.336175121,0
VLGGSRHKL,4.29,29186.5874,0.33345226,0
TRQSYATSG,4.317,29985.36017,0.331701849,0
ALKKAAAAV,4.344,30805.99359,0.329951438,0
IISCTCPTV,4.357,31209.08593,0.329108647,0
VDRSNKRGR,4.357,31209.08593,0.329108647,0
NLNNLNVSI,4.382,31999.1477,0.327487896,0
ALSKAAAAV,4.403,32678.23527,0.326126465,0
ANAKAAAAV,4.442,33977.86449,0.323598094,0
APAPPPKPM,4.443,34011.85935,0.323533264,0
ESGPSIVHR,4.443,34011.85935,0.323533264,0
AIAKAAAAV,4.454,34388.05508,0.322820133,0
RSQLNLLIA,4.454,34388.05508,0.322820133,0
SQSDNYKLQ,4.454,34388.05508,0.322820133,0
ALAAAAAAA,4.464,34733.66078,0.322171833,0
RTQNVLGEK,4.5,36006.85252,0.319837952,0
SLNFMGYVI,4.533,37214.90184,0.31769856,0
YYEEQHPEL,4.554,38004.67841,0.31633713,0
HEAAAVHGD,4.564,38386.63178,0.315688829,0
KAGQVVTIW,4.605,39993.19314,0.313030798,0
KWDDRIGPQ,4.605,39993.19314,0.313030798,0
SILLFHAAF,4.605,39993.19314,0.313030798,0
YQKALSVPK,4.605,39993.19314,0.313030798,0
ADAKAAAAV,4.619,40557.03553,0.312123177,0
GLYSSTVPI,4.654,42001.66533,0.309854126,0
ANAAAAAAK,4.691,43584.83497,0.307455414,0
ALACAAAAV,4.693,43672.09187,0.307325754,0
ALAVAAAAV,4.693,43672.09187,0.307325754,0
AAAAAAAAA,4.727,45182.47399,0.305121533,0
KLIRDAAEL,4.736,45590.95165,0.304538063,0
VLAKAAAAV,4.784,47832.68862,0.301426221,0
ATAAAAAAK,4.787,47976.40215,0.301231731,0
YLLPAIVHI,4.787,47976.40215,0.301231731,0
MVKKQQQAV,4.812,49190.93055,0.29961098,0
SRSAKFVAK,4.84,50587.74069,0.297795739,0
LTRQALPDQ,4.86,51609.68084,0.296499138,0
DYDASYDKD,4.868,52024.21421,0.295980498,0
FISVKIDFV,4.868,52024.21421,0.295980498,0
PKLEASNRY,4.868,52024.21421,0.295980498,0
RLRPGGKKH,4.868,52024.21421,0.295980498,0
EIAPVFVLL,4.875,52389.66128,0.295526687,0
ALAKAAAAN,4.887,53022.12441,0.294748727,0
RPQMGMLGT,4.89,53181.42962,0.294554237,0
AGDRTFQKW,4.942,56020.02791,0.291183075,0
AGAKAAAAV,4.963,57208.88784,0.289821644,0
GWHRQTLEE,4.963,57208.88784,0.289821644,0
ALAAAAAAQ,4.971,57668.39452,0.289303004,0
ALAKAAALV,4.976,57957.45855,0.288978853,0
RGQVRVNRH,5.011,60021.88635,0.286709802,0
KRAAAAAAA,5.024,60807.26477,0.285867012,0
KLAKAAAAV,5.052,62533.92867,0.284051771,0
KNVRGHSKN,5.056,62784.56532,0.28379245,0
AAASAAAAT,5.061,63099.27426,0.2834683,0
ALEKAAAAV,5.069,63606.09303,0.28294966,0
HLYQGCQVV,5.069,63606.09303,0.28294966,0
DLMGYIPLV,5.075,63988.87679,0.28256068,0
ELAEYLYNI,5.075,63988.87679,0.28256068,0
LLMMIANES,5.075,63988.87679,0.28256068,0
LLAQFTSAI,5.088,64826.16276,0.281717889,0
SLYADSPSV,5.13,67606.84722,0.278995028,0
FADAYKIYD,5.193,72003.1068,0.274910735,0
FVYFDIVIF,5.193,72003.1068,0.274910735,0
KPIVQYDNF,5.193,72003.1068,0.274910735,0
NLSWLSLDV,5.274,78078.07348,0.269659502,0
ILSPFLPLL,5.284,78862.77116,0.269011202,0
GRPPQKGSL,5.298,79974.6147,0.268103581,0
LIVSATQPA,5.298,79974.6147,0.268103581,0
PLPIHTAEL,5.298,79974.6147,0.268103581,0
REPSEINVM,5.298,79974.6147,0.268103581,0
VRAAAAAAA,5.298,79974.6147,0.268103581,0
LLDDEAGPL,5.318,81590.20909,0.26680698,0
AAASAAAAN,5.324,82081.22191,0.266418,0
IVTDFSVIK,5.481,96034.66962,0.256239684,0
KIKKKDSVS,5.481,96034.66962,0.256239684,0
TNEHQEPVS,5.497,97583.58259,0.255202403,0
GEFGGFGSV,5.501,97974.69863,0.254943083,0
HEETPPTTS,5.561,104033.1156,0.251053281,0
PLEEELPRL,5.595,107631.06,0.24884906,0
YGKIRDLIV,5.617,110025.1821,0.247422799,0
SFNCGSEFF,5.635,112023.5669,0.246255858,0
YMLAEQLDR,5.656,114400.9368,0.244894427,0
DSDDKYKAV,5.704,120026.1059,0.241782586,0
FIDVRLSPA,5.704,120026.1059,0.241782586,0
YPLTFGWCY,5.717,121596.6316,0.240939795,0
KADDDKPGA,5.753,126053.859,0.238605914,0
LALLIDKMT,5.753,126053.859,0.238605914,0
FLAKAAAAV,5.758,126685.7066,0.238281763,0
ILKEPVHGV,5.824,135329.0565,0.234002981,0
VAIGWLSIE,5.838,137236.9876,0.23309536,0
ILHNGAYSL,5.914,148073.5734,0.228168278,0
FLCKQYLNL,5.924,149561.7376,0.227519977,0
FLTKQYLNL,5.956,154425.1122,0.225445416,0
WILRGTSFV,5.969,156445.7443,0.224602625,0
AAASAAAAG,5.971,156758.9489,0.224472965,0
GEILDVFDA,5.991,159925.6897,0.223176365,0
FGDPRQSFR,6.059,171178.9102,0.218767922,0
RLLQETELV,6.089,176392.0841,0.216823021,0
HLLVGSSGL,6.118,181582.3497,0.21494295,0
GLYSSTAPI,6.121,182127.9147,0.21474846,0
KPGQAGGEA,6.144,186365.401,0.213257369,0
QPEYSNKSY,6.144,186365.401,0.213257369,0
TITHKEKIK,6.144,186365.401,0.213257369,0
ALAKAAAAG,6.157,188803.9676,0.212414578,0
WLSLLVPFV,6.213,199678.6388,0.208784096,0
AGAAAAAAK,6.215,200078.3957,0.208654436,0
GEVDVEQHT,6.215,200078.3957,0.208654436,0
GRQKGAGSV,6.215,200078.3957,0.208654436,0
AAASAAAAD,6.251,207412.4386,0.206320555,0
DPALDSEVD,6.254,208035.6102,0.206126065,0
GMRMLLGGN,6.279,213302.0568,0.204505314,0
EEFYVDLER,6.292,216093.0859,0.203662523,0
ISDKVVYVD,6.31,220017.9795,0.202495582,0
ELDTISTPQ,6.328,224014.1609,0.201328642,0
RPKSNIVLL,6.389,238104.4084,0.197374009,0
HLESLFTAV,6.397,240016.8833,0.196855369,0
FKGSLTGNM,6.461,255880.1749,0.192706247,0
DQNGKYVNP,6.466,257162.7796,0.192382096,0
YMNGTMSQV,6.477,260007.1857,0.191668966,0
QLFHLCLII,6.489,263146.0676,0.190891005,0
ALAAAAAAT,6.494,264465.0928,0.190566855,0
ILRGSVAHK,6.62,299978.0388,0.18239827,0
PSVSQVLKS,6.62,299978.0388,0.18239827,0
PDVWVTVLF,6.685,320124.2713,0.178184318,0
FLFPYGNPS,6.753,342649.9144,0.173775875,0
TKPTLKGAI,6.764,346439.87,0.173062745,0
FYEFHNSGT,6.774,349921.6485,0.172414445,0
EIEVLAKSR,6.802,359857.9133,0.170599204,0
DLAKAAAAV,6.811,363111.2525,0.170015733,0
KYAGSDKGQ,6.828,369336.912,0.168913623,0
INLAVMFPT,6.833,371188.221,0.168589472,0
CLCCLLTMV,6.856,379824.4864,0.167098381,0
YLEPGPVTA,6.856,379824.4864,0.167098381,0
DIDFLIEEI,6.908,400097.9004,0.163727219,0
EIERLGQDL,6.908,400097.9004,0.163727219,0
FLIEEIERL,6.908,400097.9004,0.163727219,0
GIFSPGGAI,6.908,400097.9004,0.163727219,0
GLMQNCNQM,6.908,400097.9004,0.163727219,0
GMAALPRLI,6.908,400097.9004,0.163727219,0
HLSLRGLPV,6.908,400097.9004,0.163727219,0
ILMHCQTTL,6.908,400097.9004,0.163727219,0
IMPKAGLLI,6.908,400097.9004,0.163727219,0
QLDPARDVL,6.908,400097.9004,0.163727219,0
RLSKVAPVI,6.908,400097.9004,0.163727219,0
SLKKGAAAL,6.908,400097.9004,0.163727219,0
ARAAAAAAE,7.034,453823.914,0.155558635,0
PDIYPANLS,7.041,457011.826,0.155104824,0
PTAWRSEMN,7.041,457011.826,0.155104824,0
LSLQIQTLS,7.061,466244.0773,0.153808224,0
PHIKTHTMK,7.061,466244.0773,0.153808224,0
SKSVAETQE,7.061,466244.0773,0.153808224,0
YDSMLAIRG,7.061,466244.0773,0.153808224,0
HLIDYLVTS,7.09,479963.1202,0.151928152,0
IIGTDNSVV,7.09,479963.1202,0.151928152,0
APAKAAAAV,7.147,508115.746,0.14823284,0
SSKKYKVKS,7.17,519937.8411,0.146741749,0
VAFAITTKE,7.195,533100.1302,0.145120998,0
ALAAAAAAE,7.251,563805.4629,0.141490516,0
DPTKSSITK,7.313,599867.7823,0.137471054,0
FLAKKPEDK,7.418,666279.5106,0.1306639,0
KPRSSHPFD,7.447,685884.515,0.128783829,0
YVFAAGPPD,7.447,685884.515,0.128783829,0
PPETNVELG,7.483,711026.1925,0.126449947,0
AAASAAAAS,7.502,724664.8471,0.125218177,0
VLQAGFFLL,7.586,788166.426,0.119772453,0
APAAAAAAK,7.684,869318.2364,0.11341911,0
PANQPINES,7.888,1066043.348,0.100193782,0
YNVAPLSND,7.888,1066043.348,0.100193782,0
PLAKAAAAV,8.37,1726254.425,0.068945703,0
