Sequence,log(IC50_relative),IC50(nM),label,binary_label
PPETNVELG,7.483,711026.1925,0.12644994699999998,0
GIFSPGGAI,6.9079999999999995,400097.9004,0.163727219,0
IMPKAGLLI,6.9079999999999995,400097.9004,0.163727219,0
ILMHCQTTL,6.9079999999999995,400097.9004,0.163727219,0
HLSLRGLPV,6.9079999999999995,400097.9004,0.163727219,0
INLAVMFPT,6.832999999999999,371188.221,0.168589472,0
DLAKAAAAV,6.811,363111.2525,0.170015733,0
TKPTLKGAI,6.763999999999999,346439.87,0.173062745,0
ALAAAAAAT,6.494,264465.0928,0.190566855,0
YMNGTMSQV,6.477,260007.1857,0.19166896600000002,0
DQNGKYVNP,6.466,257162.7796,0.192382096,0
EEFYVDLER,6.292000000000001,216093.0859,0.203662523,0
ALAKAAAAG,6.157,188803.9676,0.21241457800000002,0
HLLVGSSGL,6.117999999999999,181582.3497,0.21494295,0
ILHNGAYSL,5.914,148073.5734,0.228168278,0
HEETPPTTS,5.561,104033.1156,0.251053281,0
AAASAAAAN,5.324,82081.22191000001,0.266418,0
LLDDEAGPL,5.318,81590.20909,0.26680698,0
REPSEINVM,5.297999999999999,79974.6147,0.26810358100000004,0
VRAAAAAAA,5.297999999999999,79974.6147,0.26810358100000004,0
NLSWLSLDV,5.274,78078.07347999999,0.269659502,0
LLAQFTSAI,5.088,64826.16276,0.281717889,0
AAASAAAAT,5.061,63099.274260000006,0.2834683,0
ALAKAAALV,4.976,57957.45855,0.288978853,0
GWHRQTLEE,4.963,57208.887839999996,0.289821644,0
AGAKAAAAV,4.963,57208.887839999996,0.289821644,0
RPQMGMLGT,4.89,53181.429619999995,0.294554237,0
MVKKQQQAV,4.812,49190.93055,0.29961098,0
ATAAAAAAK,4.787,47976.40215,0.301231731,0
ALACAAAAV,4.6930000000000005,43672.09187,0.307325754,0
ANAAAAAAK,4.691,43584.834969999996,0.307455414,0
GLYSSTVPI,4.654,42001.66533,0.309854126,0
ADAKAAAAV,4.619,40557.03553,0.312123177,0
SILLFHAAF,4.605,39993.193139999996,0.313030798,0
SLNFMGYVI,4.533,37214.90184,0.31769856,0
AIAKAAAAV,4.454,34388.05508,0.322820133,0
APAPPPKPM,4.4430000000000005,34011.85935,0.323533264,0
GILGFVFTL,4.093999999999999,23991.73193,0.34615894700000005,0
AKAAAAAAK,4.043,22798.83112,0.34946527899999996,0
DAAAAAAAY,3.833,18480.373340000002,0.36307958700000004,0
AIFVYKSDS,3.807,18006.07621,0.364765168,0
EEFQFIKKA,3.555,13995.12799,0.381102338,0
ALATAAAAV,3.435,12412.56503,0.38888194200000004,0
ALAKAPAAV,3.387,11830.83511,0.391993784,0
GLYSSTVPV,3.332,11197.70972,0.39555943600000004,0
YAAAAAAAY,3.321,11075.2099,0.396272567,0
QYDEAVAQF,3.258,10398.99605,0.400356859,0
LYNTVATLY,3.178,9599.483243,0.405543262,1
LQNKSFFGK,2.9960000000000004,8002.142098,0.417342329,1
ALAKAAAFV,2.983,7898.7875109999995,0.41818512,1
ALMKAAAAV,2.798,6564.716138000001,0.430178677,1
AADAAAAAY,2.785,6479.927151,0.43102146700000005,1
HQAISPRTL,2.773,6402.632719,0.431799428,1
EIRLKVFVL,2.773,6402.632719,0.431799428,1
ALAKYAAAV,2.73,6133.154808,0.43458711899999997,1
AMAKAAAAV,2.563,5189.873215,0.445413736,1
ALAKNAAAV,2.548,5112.6060689999995,0.446386186,1
FLLTRILTI,2.491,4829.337372,0.450081499,1
SLYNTVATL,2.423,4511.85902,0.454489941,1
VYYSVIKKA,2.303,4001.659972,0.46226954600000003,1
ASVQISFNP,2.303,4001.659972,0.46226954600000003,1
HAASAAAAY,2.239,3753.577061,0.466418668,1
VLFSSDFRI,2.128,3359.2215590000005,0.47361480200000006,1
ALAKLAAAV,1.9069999999999998,2693.143956,0.487942241,1
VYSYSKIFV,1.8719999999999999,2600.514391,0.490211292,1
KKYNASTEL,1.751,2304.1440629999997,0.498055727,1
RYRPGTVAL,1.705,2200.554267,0.501037909,1
RRWLPAGDA,1.705,2200.554267,0.501037909,1
ARIAAAAAK,1.686,2159.138432,0.502269679,1
LETSKQYRR,1.6640000000000001,2112.1560870000003,0.50369594,1
AGASAAAAY,1.564,1911.157861,0.510178944,1
KYPENFFLL,1.504,1799.860691,0.514068746,1
LAASAAAAY,1.44,1688.278327,0.518217869,1
AAASAAAAI,1.416,1648.242005,0.51977379,1
GRIDKPILK,1.2409999999999999,1383.6283230000001,0.531119046,1
QVPLRPMTY,1.238,1379.483658,0.5313135370000001,1
TAASAAAAY,1.235,1375.351408,0.531508027,1
RAAAAAAAY,1.072,1168.486437,0.5420753229999999,1
ATDKAAAAY,0.9159999999999999,999.7093104,0.552188809,1
RRYNASTEI,0.621,744.3151598999999,0.57131367,1
RRYAASTEL,0.5539999999999999,696.0799658,0.575657283,1
AYAAAAAAY,0.489,652.2738878,0.579871235,1
KRYNASTEL,0.48200000000000004,647.7239141,0.580325046,1
AAASEAAAY,0.223,499.9282295,0.597116025,1
AAAIAAAAY,0.215,495.94475880000005,0.597634666,1
ARAAAAAAL,0.19899999999999998,488.0727864,0.5986719460000001,1
KIWEELSVL,0.182,479.84567760000004,0.5997740570000001,1
AAAAAAAAY,0.086,435.9225313,0.605997741,1
ARIAAAIAK,0.0,400.0,0.611573124,1
AAPSAAAAY,-0.051,380.1114682,0.614879456,1
LSKLRDIWF,-0.083,368.14045889999994,0.6169540170000001,1
AAAGAAAAY,-0.174,336.1187591,0.6228535510000001,1
AYAKAAAAY,-0.223,320.04593969999996,0.626030223,1
ALAKAAAAY,-0.342,284.13928189999996,0.633744997,1
AAASDAAAY,-0.371,276.01757660000004,0.635625068,1
AEASAAAAY,-0.386,271.9082103,0.636597519,1
AAASATAAY,-0.446,256.0735088,0.640487321,1
AAQSAAAAY,-0.478,248.00887880000002,0.6425618820000001,1
SRWAVVWAA,-0.528,235.91334300000003,0.645803384,1
ARYAAAIAK,-0.528,235.91334300000003,0.645803384,1
GQRKPATSY,-0.693,200.0294383,0.656500341,1
AIAKAAAAY,-0.693,200.0294383,0.656500341,1
AAAAAYAAY,-0.693,200.0294383,0.656500341,1
AFYFDSYFA,-0.799,179.9114071,0.663372325,1
AAASHAAAY,-0.9159999999999999,160.0465239,0.6709574389999999,1
AFASAAAAY,-0.968,151.9367851,0.6743286009999999,1
SRWAVVWAK,-1.079,135.9741164,0.681524735,1
ALASAAAAY,-1.079,135.9741164,0.681524735,1
AAAQAAAAY,-1.139,128.0556003,0.685414538,1
AAASAPAAY,-1.171,124.0226918,0.6874890990000001,1
AASSAAAAY,-1.238,115.9854262,0.691832711,1
ASASAAAAY,-1.238,115.9854262,0.691832711,1
RRYQKSTEL,-1.3090000000000002,108.03600459999998,0.696435644,1
AAASAAAYY,-1.386,100.02944040000001,0.701427557,1
AAAVAAAAY,-1.47,91.97019407,0.70687328,1
AAAMAAAAY,-1.561,83.97041607,0.712772814,1
AAASYAAAY,-1.661,75.97957446,0.7192558179999999,1
AAASIAAAY,-1.661,75.97957446,0.7192558179999999,1
AAAHAAAAY,-1.7719999999999998,67.99706531,0.726451952,1
AAASAAAWY,-1.8330000000000002,63.97321928,0.730406584,1
AAASWAAAY,-2.207,44.01209784,0.754653018,1
AAVSAAAAY,-2.303,39.98340716,0.760876702,1
AAWSAAAAY,-2.526,31.9913178,0.7753338009999999,1
